SALE TYPE,SOLD DATE,PROPERTY TYPE,ADDRESS,CITY,STATE,ZIP,PRICE,BEDS,BATHS,LOCATION,SQUARE FEET,LOT SIZE,YEAR BUILT,DAYS ON MARKET,$/SQUARE FEET,HOA/MONTH,STATUS,NEXT OPEN HOUSE START TIME,NEXT OPEN HOUSE END TIME,URL (SEE http://www.redfin.com/buy-a-home/comparative-market-analysis FOR INFO ON PRICING),SOURCE,MLS#,FAVORITE,INTERESTED,LATITUDE,LONGITUDE
PAST SALE,February-8-2018,Single Family Residential,4128 W 122nd St,Hawthorne,CA,90250,682500,3,2.5,108 - North Hawthorne,1944,3091,2008,14,351,,Sold,,,http://www.redfin.com/CA/Hawthorne/4128-W-122nd-St-90250/home/21926223,CRMLS,SB18001629,N,Y,33.9217177,-118.3468112
PAST SALE,September-26-2017,Single Family Residential,10816 South Burl Ave,Inglewood,CA,90304,365000,1,1.0,Lennox,480,4424,1938,149,760,,Sold,,,http://www.redfin.com/CA/Inglewood/10816-S-Burl-Ave-90304/home/6488080,TheMLS,17-260038,N,Y,33.9376094,-118.3622661
PAST SALE,September-26-2017,Single Family Residential,3619 N Poinsettia Ave,Manhattan Beach,CA,90266,1550000,3,2.5,143 - Manhattan Bch Tree,1329,5297,1955,149,1166,,Sold,,,http://www.redfin.com/CA/Manhattan-Beach/3619-N-Poinsettia-Ave-90266/home/6707894,CRMLS,SB17196853,N,Y,33.9015932,-118.4009409
PAST SALE,October-6-2017,Single Family Residential,5015 W 140th St,Hawthorne,CA,90250,555000,2,1.0,109 - Ramona/Burleigh,886,6023,1940,139,626,,Sold,,,http://www.redfin.com/CA/Hawthorne/5015-W-140th-St-90250/home/6676412,CRISNet,SR17194241,N,Y,33.904598,-118.3662836
PAST SALE,,Single Family Residential,11002 S Truro Ave,Lennox,CA,90304,350000,2,1.0,,1150,5304,1951,,304,,,,,http://www.redfin.com/CA/Lennox/11002-S-Truro-Ave-90304/home/6485228,,,N,Y,33.9359097,-118.3578143
PAST SALE,September-18-2017,Single Family Residential,1011 Maple St,Inglewood,CA,90301,465000,2,1.0,102 - South Inglewood,680,4443,1925,157,684,,Sold,,,http://www.redfin.com/CA/Inglewood/1011-Maple-St-90301/home/6458966,CRMLS,IN17099283,N,Y,33.950347,-118.354095
PAST SALE,,Single Family Residential,927 S Eucalyptus Ave,Inglewood,CA,90301,531000,3,2.0,,1600,5281,1958,,332,,,,,http://www.redfin.com/CA/Inglewood/927-S-Eucalyptus-Ave-90301/home/6456832,,,N,Y,33.9516892,-118.3593941
PAST SALE,February-7-2018,Single Family Residential,324 Magnolia Ave,Inglewood,CA,90301,565000,2,1.0,101 - North Inglewood,1092,6495,1938,15,517,,Sold,,,http://www.redfin.com/CA/Inglewood/324-Magnolia-Ave-90301/home/6454128,CRMLS,WS18008072,N,Y,33.9542338,-118.3605991
PAST SALE,October-31-2017,Single Family Residential,15005 Kingsdale Ave,Lawndale,CA,90260,549000,3,3.0,112 - North Lawndale,2039,2502,1988,114,269,,Sold,,,http://www.redfin.com/CA/Lawndale/15005-Kingsdale-Ave-90260/home/6564382,CRMLS,SB17217046,N,Y,33.895407,-118.3570382
PAST SALE,October-31-2017,Single Family Residential,5503 Wiseburn St,Hawthorne,CA,90250,845525,3,2.0,107 - Holly Glen/Del Aire,1488,4994,1955,114,568,,Sold,,,http://www.redfin.com/CA/Hawthorne/5503-Wiseburn-St-90250/home/6671936,CRMLS,SB17204779,N,Y,33.9127436,-118.3766229
PAST SALE,October-16-2017,Single Family Residential,254 W 98th St,Inglewood,CA,90301,480000,3,1.0,102 - South Inglewood,1135,5006,1938,129,423,,Sold,,,http://www.redfin.com/CA/Inglewood/254-W-98th-St-90301/home/6457157,CRMLS,IN17189839,N,Y,33.9470702,-118.3583287
PAST SALE,January-5-2018,Single Family Residential,1134 S Truro Ave,Los Angeles,CA,90301,430000,3,2.0,699 - Not Defined,1274,5888,1936,48,338,,Sold,,,http://www.redfin.com/CA/Inglewood/1134-S-Truro-Ave-90301/home/6457654,CRISNet,SR16200889,N,Y,33.9477573,-118.357805
PAST SALE,,Single Family Residential,5020 W 124th St,Hawthorne,CA,90250,400000,3,1.0,,1008,5005,1944,,397,,,,,http://www.redfin.com/CA/Hawthorne/5020-W-124th-St-90250/home/6666638,,,N,Y,33.9198484,-118.3668542
PAST SALE,September-26-2017,Single Family Residential,4922 W 140th St,Hawthorne,CA,90250,775000,3,1.75,109 - Ramona/Burleigh,1673,6001,1942,149,463,,Sold,,,http://www.redfin.com/CA/Hawthorne/4922-W-140th-St-90250/home/6676743,CRMLS,WS17196204,N,Y,33.9041984,-118.3649819
PAST SALE,September-5-2017,Single Family Residential,10214 South Inglewood Ave,Inglewood,CA,90304,485000,2,1.0,Lennox,1388,5782,1930,170,349,,Sold,,,http://www.redfin.com/CA/Inglewood/10214-S-Inglewood-Ave-90304/home/6483037,TheMLS,17-234244,N,Y,33.9432036,-118.3610716
PAST SALE,September-6-2017,Single Family Residential,121 Rosecrans Pl,Manhattan Beach,CA,90266,1750000,3,1.75,142 - Manhattan Bch Sand,1340,1351,1964,169,1306,,Sold,,,http://www.redfin.com/CA/Manhattan-Beach/121-Rosecrans-Pl-90266/home/6656842,CRMLS,SB17152191,N,Y,33.9010279,-118.4191913
PAST SALE,September-6-2017,Single Family Residential,5007 W 117th St,Hawthorne,CA,90250,535000,2,1.0,108 - North Hawthorne,1037,7054,1941,169,516,,Sold,,,http://www.redfin.com/CA/Hawthorne/5007-W-117th-St-90250/home/6664502,CRISNet,SR17102759,N,Y,33.9283738,-118.3660243
PAST SALE,September-11-2017,Single Family Residential,4688 W 131st St,Hawthorne,CA,90250,641000,3,2.0,109 - Ramona/Burleigh,1517,6001,1963,164,423,,Sold,,,http://www.redfin.com/CA/Hawthorne/4688-W-131st-St-90250/home/6489908,CRMLS,SB17170516,N,Y,33.9133837,-118.3590106
PAST SALE,September-5-2017,Single Family Residential,11824 Freeman Ave,Hawthorne,CA,90250,450000,3,1.75,108 - North Hawthorne,1599,4909,1959,170,281,,Sold,,,http://www.redfin.com/CA/Hawthorne/11824-Freeman-Ave-90250/home/6503729,CRMLS,SB17184863,N,Y,33.9267685,-118.3480024
PAST SALE,September-6-2017,Single Family Residential,4678 W 134th St,Hawthorne,CA,90250,720000,4,3.0,109 - Ramona/Burleigh,1732,6000,1944,169,416,,Sold,,,http://www.redfin.com/CA/Hawthorne/4678-W-134th-St-90250/home/6490314,CRMLS,IN17184233,N,Y,33.9106133,-118.3589118
PAST SALE,September-13-2017,Single Family Residential,5566 Palm Dr,Hawthorne,CA,90250,1160000,4,3.0,107 - Holly Glen/Del Aire,2064,38081,2014,162,562,195,Sold,,,http://www.redfin.com/CA/Hawthorne/5566-Palm-Dr-90250/unit-17/home/79042593,CRMLS,SB17171947,N,Y,33.912856149,-118.3777259
PAST SALE,September-1-2017,Single Family Residential,4105 W Broadway,Hawthorne,CA,90250,465000,2,1.5,108 - North Hawthorne,1463,5439,1949,174,318,,Sold,,,http://www.redfin.com/CA/Hawthorne/4105-W-Broadway-90250/home/6500082,CRMLS,PW17128292,N,Y,33.9202523,-118.3462633
PAST SALE,August-29-2017,Single Family Residential,424 California St,El Segundo,CA,90245,1200000,3,2.0,141 - El Segundo,1403,6405,1957,177,855,,Sold,,,http://www.redfin.com/CA/El-Segundo/424-California-St-90245/home/6662695,CRMLS,SB17156579,N,Y,33.9217432,-118.4012762
PAST SALE,September-20-2017,Single Family Residential,12324 Burl Ave,Hawthorne,CA,90250,660000,3,2.0,108 - North Hawthorne,1416,5000,1947,155,466,,Sold,,,http://www.redfin.com/CA/Hawthorne/12324-Burl-Ave-90250/home/6667053,CRMLS,SB17171713,N,Y,33.9206357,-118.3619534
PAST SALE,October-12-2017,Single Family Residential,4338 W 154th,Lawndale,CA,90260,580000,4,2.0,112 - North Lawndale,1485,5097,1950,133,391,,Sold,,,http://www.redfin.com/CA/Lawndale/4338-154th-St-90260/home/6559999,CRMLS,MB17182544,N,Y,33.8908205,-118.3516124
PAST SALE,October-13-2017,Single Family Residential,4863 W 135th St,Hawthorne,CA,90250,529900,2,1.0,107 - Holly Glen/Del Aire,819,5280,1951,132,647,,Sold,,,http://www.redfin.com/CA/Hawthorne/4863-W-135th-St-90250/home/6671105,CRMLS,SB17206971,N,Y,33.9096903,-118.3635389
PAST SALE,October-23-2017,Single Family Residential,2500 Oak Ave,Manhattan Beach,CA,90266,1300000,3,2.0,143 - Manhattan Bch Tree,1532,4494,1959,122,849,,Sold,,,http://www.redfin.com/CA/Manhattan-Beach/2500-Oak-Ave-90266/home/6708479,CRMLS,OC17067612,N,Y,33.8947169,-118.3966605
PAST SALE,,Single Family Residential,1904 Manzanita Ln,Manhattan Beach,CA,90266,1200000,3,2.0,,1722,5398,1950,,697,,,,,http://www.redfin.com/CA/Manhattan-Beach/1904-Manzanita-Ln-90266/home/6703369,,,N,Y,33.8922128,-118.3814588
PAST SALE,November-3-2017,Single Family Residential,4599 W 137th Pl,Hawthorne,CA,90250,605000,4,2.0,109 - Ramona/Burleigh,1838,6151,1943,111,329,,Sold,,,http://www.redfin.com/CA/Hawthorne/4599-W-137th-Pl-90250/home/6491663,CRMLS,PW17172442,N,Y,33.9072027,-118.3570418
PAST SALE,December-7-2017,Single Family Residential,4839 W 122nd St,Hawthorne,CA,90250,719900,4,2.0,108 - North Hawthorne,1852,5001,1947,77,389,,Sold,,,http://www.redfin.com/CA/Hawthorne/4839-W-122nd-St-90250/home/6667484,CRMLS,RS17215432,N,Y,33.9223792,-118.3630857
PAST SALE,December-21-2017,Single Family Residential,2009 Elm Ave,Manhattan Beach,CA,90266,2262500,4,3.0,143 - Manhattan Bch Tree,3097,4482,1998,63,731,,Sold,,,http://www.redfin.com/CA/Manhattan-Beach/2009-Elm-Ave-90266/home/6707211,CRMLS,SB17127784,N,Y,33.8928186,-118.398055
PAST SALE,,Single Family Residential,4874 W 135th St,Hawthorne,CA,90250,475000,2,1.0,,714,5285,1946,,665,,,,,http://www.redfin.com/CA/Hawthorne/4874-W-135th-St-90250/home/6674854,,,N,Y,33.909298,-118.3639025
PAST SALE,January-19-2018,Single Family Residential,4108 W 122nd St,Hawthorne,CA,90250,378000,3,2.0,108 - North Hawthorne,1197,3167,1947,34,316,,Sold,,,http://www.redfin.com/CA/Hawthorne/4108-W-122nd-St-90250/home/6500137,CRMLS,PW17277641,N,Y,33.9217129,-118.3463845
PAST SALE,February-1-2018,Single Family Residential,5102 W 124th St,Hawthorne,CA,90250,599000,2,1.0,107 - Holly Glen/Del Aire,808,5008,1944,21,741,,Sold,,,http://www.redfin.com/CA/Hawthorne/5102-W-124th-St-90250/home/6666648,CRMLS,IN17144879,N,Y,33.9198561,-118.367721
PAST SALE,February-1-2018,Single Family Residential,4300 West 137th St,Hawthorne,CA,90250,544000,2,1.0,Ramona/Burleigh,872,3300,1924,21,624,,Sold,,,http://www.redfin.com/CA/Hawthorne/4300-137th-St-90250/home/6496079,TheMLS,18-299246,N,Y,33.9072719,-118.3496762
PAST SALE,February-9-2018,Single Family Residential,4130 W 147th St,Lawndale,CA,90260,529900,3,2.0,112 - North Lawndale,1215,4167,1953,13,436,,Sold,,,http://www.redfin.com/CA/Lawndale/4130-W-147th-St-90260/home/6561890,CRMLS,MB17240580,N,Y,33.8980581,-118.3472885
PAST SALE,February-13-2018,Single Family Residential,4684 W 142nd St,Hawthorne,CA,90250,595000,3,1.75,109 - Ramona/Burleigh,1249,5821,1924,9,476,,Sold,,,http://www.redfin.com/CA/Hawthorne/4684-W-142nd-St-90250/home/6493224,CRMLS,WS17275584,N,Y,33.9026167,-118.3590268
PAST SALE,February-2-2018,Single Family Residential,4752 W 134th St,Hawthorne,CA,90250,677950,3,2.0,109 - Ramona/Burleigh,1309,6000,1948,20,518,,Sold,,,http://www.redfin.com/CA/Hawthorne/4752-W-134th-St-90250/home/6490234,CRMLS,OC17267604,N,Y,33.9106322,-118.3602069
PAST SALE,February-9-2018,Single Family Residential,5030 W 132nd St,Hawthorne,CA,90250,582000,3,1.0,107 - Holly Glen/Del Aire,1209,5310,1947,13,481,,Sold,,,http://www.redfin.com/CA/Hawthorne/5030-W-132nd-St-90250/home/6670159,CRMLS,SB18001955,N,Y,33.912677,-118.366678
PAST SALE,December-29-2017,Single Family Residential,4940 W 118th Pl,Hawthorne,CA,90250,500000,2,1.0,108 - North Hawthorne,882,6176,1950,55,567,,Sold,,,http://www.redfin.com/CA/Hawthorne/4940-W-118th-Pl-90250/home/6665272,CRMLS,RS17261240,N,Y,33.926211,-118.3648903
PAST SALE,August-30-2017,Single Family Residential,625 17th St,Manhattan Beach,CA,90266,5100000,4,4.0,143 - Manhattan Bch Tree,4348,6299,2004,176,1173,,Sold,,,http://www.redfin.com/CA/Manhattan-Beach/625-17th-St-90266/home/6707627,CRMLS,SB17159761,N,Y,33.8901072,-118.4077887
PAST SALE,October-5-2017,Single Family Residential,12102 S La Cienega Blvd,Hawthorne,CA,90250,800000,4,4.0,108 - North Hawthorne,2788,5422,2005,140,287,,Sold,,,http://www.redfin.com/CA/Hawthorne/12102-S-La-Cienega-Blvd-90250/home/12281557,CRMLS,DW17121024,N,Y,33.9230098,-118.369684
PAST SALE,September-27-2017,Single Family Residential,813 Mccarthy Ct,El Segundo,CA,90245,1075000,3,1.5,141 - El Segundo,1256,6118,1953,148,856,,Sold,,,http://www.redfin.com/CA/El-Segundo/813-McCarthy-Ct-90245/home/6646746,CRMLS,SB17113113,N,Y,33.9275204,-118.40862
PAST SALE,September-19-2017,Single Family Residential,900 E Mariposa Ave,El Segundo,CA,90245,1280000,3,1.75,141 - El Segundo,1828,6848,1964,156,700,,Sold,,,http://www.redfin.com/CA/El-Segundo/900-E-Mariposa-Ave-90245/home/6647634,CRMLS,SB17163097,N,Y,33.9233658,-118.4066024
PAST SALE,,Single Family Residential,4660 W 132nd St,Hawthorne,CA,90250,270000,3,2.0,,2082,6005,1958,,130,,,,,http://www.redfin.com/CA/Hawthorne/4660-W-132nd-St-90250/home/6490037,,,N,Y,33.9124139,-118.3584763
PAST SALE,November-23-2017,Single Family Residential,232 30th Pl,Manhattan Beach,CA,90266,3299000,4,3.0,142 - Manhattan Bch Sand,2100,1378,2015,91,1571,,Sold,,,http://www.redfin.com/CA/Manhattan-Beach/232-30th-Pl-90266/home/6710528,CRMLS,SB16752461,N,Y,33.8967982,-118.4161708
PAST SALE,November-2-2017,Single Family Residential,501 Eucalyptus Dr,El Segundo,CA,90245,949000,2,1.0,141 - El Segundo,936,3510,1953,112,1014,,Sold,,,http://www.redfin.com/CA/El-Segundo/501-Eucalyptus-Dr-90245/home/6645775,CRMLS,SB17214321,N,Y,33.9223446,-118.4137773
PAST SALE,,Single Family Residential,460 29th St,Manhattan Beach,CA,90266,1850000,2,1.0,,640,2708,1943,,2891,,,,,http://www.redfin.com/CA/Manhattan-Beach/460-29th-St-90266/home/6710257,,,N,Y,33.8966186,-118.4132305
PAST SALE,September-15-2017,Single Family Residential,3516 Manhattan Ave,Manhattan Beach,CA,90266,4000000,5,2.0,142 - Manhattan Bch Sand,2340,3498,1929,160,1709,,Sold,,,http://www.redfin.com/CA/Manhattan-Beach/3516-Manhattan-Ave-90266/home/6709934,CRMLS,SB16182547,N,Y,33.8999117,-118.4182117
PAST SALE,September-14-2017,Single Family Residential,4505 W 135th St,Hawthorne,CA,90250,716000,3,2.5,109 - Ramona/Burleigh,1964,6000,1967,161,365,,Sold,,,http://www.redfin.com/CA/Hawthorne/4505-W-135th-St-90250/home/6490600,CRMLS,RS17140422,N,Y,33.9100568,-118.3550679
PAST SALE,September-15-2017,Single Family Residential,2817 Bayview Dr,Manhattan Beach,CA,90266,4500000,5,5.5,142 - Manhattan Bch Sand,3384,1743,2017,160,1330,,Sold,,,http://www.redfin.com/CA/Manhattan-Beach/2817-Bayview-Dr-90266/home/6710486,CRMLS,SB17152529,N,Y,33.895582,-118.416257
PAST SALE,,Single Family Residential,1122 E Acacia Ave,El Segundo,CA,90245,1130000,3,2.0,,1265,6255,1949,,893,,,,,http://www.redfin.com/CA/El-Segundo/1122-E-Acacia-Ave-90245/home/6659915,,,N,Y,33.9296673,-118.4028775
PAST SALE,September-14-2017,Single Family Residential,4644 W 140th St,Hawthorne,CA,90250,625000,2,1.75,109 - Ramona/Burleigh,1277,4954,1948,161,489,,Sold,,,http://www.redfin.com/CA/Hawthorne/4644-W-140th-St-90250/home/6492643,CRISNet,SR17183726,N,Y,33.9043321,-118.3581471
PAST SALE,August-30-2017,Single Family Residential,4877 W 137th St,Hawthorne,CA,90250,771000,4,2.0,107 - Holly Glen/Del Aire,1324,5285,1951,176,582,,Sold,,,http://www.redfin.com/CA/Hawthorne/4877-137th-St-90250/home/6674992,CRMLS,SB17181348,N,Y,33.9079845,-118.3638976
PAST SALE,December-12-2017,Single Family Residential,224 32nd St,Manhattan Beach,CA,90266,4400000,4,4.5,142 - Manhattan Bch Sand,4397,2700,2008,72,1001,,Sold,,,http://www.redfin.com/CA/Manhattan-Beach/224-32nd-St-90266/home/6710534,CRMLS,SB16715666,N,Y,33.897569,-118.4167203
PAST SALE,,Single Family Residential,648 30th St,Manhattan Beach,CA,90266,1900000,5,2.0,,2099,4804,1950,,905,,,,,http://www.redfin.com/CA/Manhattan-Beach/648-30th-St-90266/home/6709028,,,N,Y,33.8975955,-118.4079876
PAST SALE,December-15-2017,Single Family Residential,1304 21st St,Manhattan Beach,CA,90266,1720000,3,3.0,146 - Manhattan Bch Heights/Lib Vlg,2360,7493,1949,69,729,,Sold,,,http://www.redfin.com/CA/Manhattan-Beach/1304-21st-St-90266/home/6704025,CRMLS,PV17255078,N,Y,33.8926211,-118.3914643
PAST SALE,September-8-2017,Single Family Residential,1407 23rd St,Manhattan Beach,CA,90266,2010000,4,3.0,146 - Manhattan Bch Heights/Lib Vlg,2083,7014,1949,167,965,,Sold,,,http://www.redfin.com/CA/Manhattan-Beach/1407-23rd-St-90266/home/6703682,CRMLS,SB17168172,N,Y,33.8939841,-118.389527
PAST SALE,October-11-2017,Single Family Residential,4539 W 147th St,Lawndale,CA,90260,440000,2,1.0,112 - North Lawndale,616,3375,1948,134,714,,Sold,,,http://www.redfin.com/CA/Lawndale/4539-W-147th-St-90260/home/6565253,CRMLS,SB17033453,N,Y,33.8984953,-118.3562101
PAST SALE,November-28-2017,Single Family Residential,14808 Grevillea Ave,Lawndale,CA,90260,499000,3,2.0,112 - North Lawndale,1199,3009,1973,86,416,,Sold,,,http://www.redfin.com/CA/Lawndale/14808-Grevillea-Ave-90260/home/6565093,CRMLS,SB17206464,N,Y,33.897149,-118.3545157
PAST SALE,,Single Family Residential,518 24th St,Manhattan Beach,CA,90266,2025000,2,1.0,,982,2694,1941,,2062,,,,,http://www.redfin.com/CA/Manhattan-Beach/518-24th-St-90266/home/6710695,,,N,Y,33.8939386,-118.4108782
PAST SALE,November-16-2017,Single Family Residential,835 California St,El Segundo,CA,90245,1775000,3,3.0,141 - El Segundo,2556,8804,1952,98,694,,Sold,,,http://www.redfin.com/CA/El-Segundo/835-California-St-90245/home/6660008,CRMLS,SB17210364,N,Y,33.9282028,-118.4022986
PAST SALE,October-25-2017,Single Family Residential,628 Marine Ave,Manhattan Beach,CA,90266,3100000,3,2.5,143 - Manhattan Bch Tree,2800,4399,2003,120,1107,,Sold,,,http://www.redfin.com/CA/Manhattan-Beach/628-Marine-Ave-90266/home/6709414,CRMLS,SB17121446,N,Y,33.8936017,-118.4076615
PAST SALE,,Single Family Residential,2800 Alma Ave,Manhattan Beach,CA,90266,3250000,2,1.0,,974,3472,1928,,3337,,,,,http://www.redfin.com/CA/Manhattan-Beach/2800-Alma-Ave-90266/home/6710305,,,N,Y,33.8957488,-118.4143617
PAST SALE,October-23-2017,Single Family Residential,227 W Oak Ave,El Segundo,CA,90245,1685000,4,2.25,141 - El Segundo,1847,6681,1938,122,912,,Sold,,,http://www.redfin.com/CA/El-Segundo/227-W-Oak-Ave-90245/home/6643862,CRMLS,SB17193174,N,Y,33.9262133,-118.41811
PAST SALE,November-14-2017,Single Family Residential,649 W Oak Ave,El Segundo,CA,90245,1750000,4,3.5,141 - El Segundo,2882,8149,1952,100,607,,Sold,,,http://www.redfin.com/CA/El-Segundo/649-W-Oak-Ave-90245/home/6641844,CRMLS,SB17203085,N,Y,33.9261445,-118.4244274
PAST SALE,,Single Family Residential,3304 N Poinsettia Ave,Manhattan Beach,CA,90266,2350000,5,4.0,,3228,4638,1995,,728,,,,,http://www.redfin.com/CA/Manhattan-Beach/3304-N-Poinsettia-Ave-90266/home/6708118,,,N,Y,33.8992239,-118.4005355
PAST SALE,December-12-2017,Single Family Residential,517 West Buckthorn St,Inglewood,CA,90301,570000,3,2.0,South Inglewood,1292,4565,1926,72,441,,Sold,,,http://www.redfin.com/CA/Inglewood/517-W-Buckthorn-St-90301/home/6453303,TheMLS,17-269076,N,Y,33.953734,-118.3644815
PAST SALE,September-27-2017,Single Family Residential,5538 W 142nd Pl,Hawthorne,CA,90250,932500,3,2.0,107 - Holly Glen/Del Aire,1466,5776,1954,148,636,,Sold,,,http://www.redfin.com/CA/Hawthorne/5538-W-142nd-Pl-90250/home/6673624,CRMLS,SB17179134,N,Y,33.9023647,-118.3780836
PAST SALE,September-26-2017,Single Family Residential,5407 W 139th St,Hawthorne,CA,90250,1200000,5,3.0,107 - Holly Glen/Del Aire,2870,5000,1954,149,418,,Sold,,,http://www.redfin.com/CA/Hawthorne/5407-139th-St-90250/home/6674240,CRMLS,SB17191997,N,Y,33.9053295,-118.3746371
PAST SALE,August-31-2017,Single Family Residential,5170 W 137th St,Hawthorne,CA,90250,649000,3,2.0,107 - Holly Glen/Del Aire,1339,5287,1947,175,485,,Sold,,,http://www.redfin.com/CA/Hawthorne/5170-137th-St-90250/home/6675267,CRMLS,SB17152639,N,Y,33.9075535,-118.3694672
PAST SALE,,Single Family Residential,4814 W 141st St,Hawthorne,CA,90250,350000,2,1.0,,1068,5800,1948,,328,,,,,http://www.redfin.com/CA/Hawthorne/4814-W-141st-St-90250/home/6677026,,,N,Y,33.903555,-118.3617862
PAST SALE,September-15-2017,Single Family Residential,5538 W 138th St,Hawthorne,CA,90250,967000,3,2.25,107 - Holly Glen/Del Aire,1728,5436,1954,160,560,,Sold,,,http://www.redfin.com/CA/Hawthorne/5538-W-138th-St-90250/home/6674202,CRMLS,SB17195376,N,Y,33.906329,-118.3779695
PAST SALE,October-31-2017,Single Family Residential,5515 W 141st St,Hawthorne,CA,90250,819000,3,1.75,107 - Holly Glen/Del Aire,1124,5000,1954,114,729,,Sold,,,http://www.redfin.com/CA/Hawthorne/5515-W-141st-St-90250/home/6673946,CRMLS,SB17219209,N,Y,33.903971,-118.376958
PAST SALE,November-17-2017,Single Family Residential,5322 W 139th St,Hawthorne,CA,90250,950000,3,2.5,107 - Holly Glen/Del Aire,1458,5004,1955,97,652,,Sold,,,http://www.redfin.com/CA/Hawthorne/5322-139th-St-90250/home/6673085,CRMLS,SB17233919,N,Y,33.9049396,-118.3730878
PAST SALE,December-7-2017,Single Family Residential,23 Village Cir,Manhattan Beach,CA,90266,2600000,4,3.25,145 - Manhattan Village,3184,5834,1984,77,817,315,Sold,,,http://www.redfin.com/CA/Manhattan-Beach/23-Village-Cir-90266/home/6657195,CRMLS,PW17198250,N,Y,33.8954101,-118.3924573
PAST SALE,,Single Family Residential,1334 19th St,Manhattan Beach,CA,90266,1350000,2,1.0,,841,7003,1949,,1605,,,,,http://www.redfin.com/CA/Manhattan-Beach/1334-19th-St-90266/home/6703992,,,N,Y,33.8916917,-118.3904746
PAST SALE,January-5-2018,Single Family Residential,9 Westport,Manhattan Beach,CA,90266,2270000,3,1.75,145 - Manhattan Village,2056,8028,1983,48,1104,315,Sold,,,http://www.redfin.com/CA/Manhattan-Beach/9-Westport-90266/home/6657279,CRMLS,SB17239982,N,Y,33.8959316,-118.3929111
PAST SALE,,Single Family Residential,1404 Chestnut Ave,Manhattan Beach,CA,90266,570000,4,2.0,,1745,4898,1947,,327,,,,,http://www.redfin.com/CA/Manhattan-Beach/1404-Chestnut-Ave-90266/home/6704333,,,N,Y,33.8890702,-118.3923621
PAST SALE,September-1-2017,Single Family Residential,4838 W El Segundo Blvd Unit B,Hawthorne,CA,90250,620000,3,3.0,107 - Holly Glen/Del Aire,1576,5605,2006,174,393,,Sold,,,http://www.redfin.com/CA/Hawthorne/4838-W-El-Segundo-Blvd-90250/unit-B/home/12288873,CRMLS,DW17167962,N,Y,33.916175,-118.3627115
PAST SALE,August-29-2017,Single Family Residential,300 W Sycamore Ave,El Segundo,CA,90245,1300000,3,3.0,141 - El Segundo,1520,7308,1954,177,855,,Sold,,,http://www.redfin.com/CA/El-Segundo/300-W-Sycamore-Ave-90245/home/6644070,CRMLS,SB17163330,N,Y,33.9277682,-118.4185997
PAST SALE,September-1-2017,Single Family Residential,4156 W 118th St,Hawthorne,CA,90250,400000,2,1.0,108 - North Hawthorne,886,6752,1941,174,451,,Sold,,,http://www.redfin.com/CA/Hawthorne/4156-W-118th-St-90250/home/6503754,CRMLS,DW17046197,N,Y,33.927123,-118.3473462
PAST SALE,November-21-2017,Single Family Residential,2304 Elm Ave,Manhattan Beach,CA,90266,2505000,5,4.0,143 - Manhattan Bch Tree,3349,4481,2000,93,748,,Sold,,,http://www.redfin.com/CA/Manhattan-Beach/2304-Elm-Ave-90266/home/8091622,CRMLS,SB17164023,N,Y,33.8936947,-118.397529
PAST SALE,September-19-2017,Single Family Residential,4841 W 118th Pl,Hawthorne,CA,90250,585000,3,2.0,108 - North Hawthorne,1360,6162,1947,156,430,,Sold,,,http://www.redfin.com/CA/Hawthorne/4841-W-118th-Pl-90250/home/6665421,CRMLS,SB17194919,N,Y,33.9265791,-118.3627534
PAST SALE,October-24-2017,Single Family Residential,5356 W 123rd Pl,Hawthorne,CA,90250,799000,3,1.0,107 - Holly Glen/Del Aire,1546,5248,1950,121,517,,Sold,,,http://www.redfin.com/CA/Hawthorne/5356-W-123rd-Pl-90250/home/6668379,CRMLS,IV17211476,N,Y,33.9207935,-118.3741957
PAST SALE,October-20-2017,Single Family Residential,509 East Buckthorn St,Inglewood,CA,90301,410000,2,1.0,North Inglewood,644,2755,1925,125,637,,Sold,,,http://www.redfin.com/CA/Inglewood/509-E-Buckthorn-St-90301/home/6452814,TheMLS,17-258876,N,Y,33.9543174,-118.3463907
PAST SALE,November-9-2017,Single Family Residential,12132 Cedar Ave,Hawthorne,CA,90250,438500,2,2.0,108 - North Hawthorne,1031,2529,1981,105,425,,Sold,,,http://www.redfin.com/CA/Hawthorne/12132-Cedar-Ave-90250/home/6499341,CRMLS,RS17214916,N,Y,33.9222956,-118.3489786
PAST SALE,December-22-2017,Single Family Residential,11878 Freeman Ave,Hawthorne,CA,90250,510000,3,2.0,108 - North Hawthorne,1326,4917,1953,62,385,,Sold,,,http://www.redfin.com/CA/Hawthorne/11878-Freeman-Ave-90250/home/6503699,CRMLS,SB17206349,N,Y,33.9258789,-118.3479191
PAST SALE,January-11-2018,Single Family Residential,4718 West Broadway,Hawthorne,CA,90250,551400,4,2.0,North Hawthorne,1456,5732,1928,42,379,,Sold,,,http://www.redfin.com/CA/Hawthorne/4718-W-Broadway-90250/home/6489330,TheMLS,17-288858,N,Y,33.9198081,-118.3595895
PAST SALE,January-31-2018,Single Family Residential,201 Redlands St,Playa Del Rey,CA,90293,2925000,4,3.75,Playa Del Rey,4219,5524,1981,22,693,,Sold,,,http://www.redfin.com/CA/Playa-Del-Rey/201-Redlands-St-90293/home/6625966,TheMLS,17-286850,N,Y,33.9538938,-118.4466343
PAST SALE,January-4-2018,Single Family Residential,4627 W 137th Pl,Hawthorne,CA,90250,550000,3,1.0,109 - Ramona/Burleigh,990,6151,1946,49,556,,Sold,,,http://www.redfin.com/CA/Hawthorne/4627-W-137th-Pl-90250/home/6491718,CRMLS,SB17223235,N,Y,33.90714,-118.3578599
PAST SALE,January-8-2018,Single Family Residential,11859 Cedar Ave,Hawthorne,CA,90250,850000,4,4.0,108 - North Hawthorne,3040,6378,1953,45,280,,Sold,,,http://www.redfin.com/CA/Hawthorne/11859-Cedar-Ave-90250/home/6503541,CRMLS,PW17249492,N,Y,33.9262003,-118.3495506
PAST SALE,December-19-2017,Single Family Residential,14600 Burin Ave,Lawndale,CA,90260,470000,3,2.0,112 - North Lawndale,1083,3000,1961,65,434,,Sold,,,http://www.redfin.com/CA/Lawndale/14600-Burin-Ave-90260/home/6565448,CRMLS,DW17212318,N,Y,33.8990917,-118.353518
PAST SALE,February-9-2018,Single Family Residential,4586 W 142nd St,Hawthorne,CA,90250,535500,3,1.75,109 - Ramona/Burleigh,990,5826,1949,13,541,,Sold,,,http://www.redfin.com/CA/Hawthorne/4586-W-142nd-St-90250/home/6493278,CRMLS,CV17264167,N,Y,33.9026066,-118.3567641
PAST SALE,February-13-2018,Single Family Residential,4519 W 131st St,Hawthorne,CA,90250,790000,3,1.75,109 - Ramona/Burleigh,1487,6000,1958,9,531,,Sold,,,http://www.redfin.com/CA/Hawthorne/4519-W-131st-St-90250/home/6491099,CRMLS,PW17276278,N,Y,33.9137961,-118.3551891
PAST SALE,,Single Family Residential,4447 W 116th St,Hawthorne,CA,90250,219000,2,1.0,,572,4048,1925,,383,,,,,http://www.redfin.com/CA/Hawthorne/4447-W-116th-St-90250/home/6494235,,,N,Y,33.9292923,-118.353883
PAST SALE,October-17-2017,Single Family Residential,4807 W 121st St,Hawthorne,CA,90250,615000,4,2.0,108 - North Hawthorne,1371,5697,1947,128,449,,Sold,,,http://www.redfin.com/CA/Hawthorne/4807-W-121st-St-90250/home/6666308,CRMLS,IN17161302,N,Y,33.9230812,-118.3617078
PAST SALE,October-26-2017,Single Family Residential,4329 W 105th St,Inglewood,CA,90304,510000,3,2.0,102 - South Inglewood,1403,5507,1927,119,364,,Sold,,,http://www.redfin.com/CA/Inglewood/4329-W-105th-St-90304/home/6481066,CRMLS,DW17201509,N,Y,33.9410849,-118.3514363
PAST SALE,November-30-2017,Single Family Residential,5456 W 118th Pl,Hawthorne,CA,90304,689000,2,1.0,107 - Holly Glen/Del Aire,1056,7753,1941,84,652,,Sold,,,http://www.redfin.com/CA/Inglewood/5456-W-118th-Pl-90304/home/6663742,CRMLS,SB17253476,N,Y,33.9261457,-118.3762805
PAST SALE,November-30-2017,Single Family Residential,11524 Felton Ave,Hawthorne,CA,90045,549000,3,2.0,108 - North Hawthorne,1180,5316,1941,84,465,,Sold,,,http://www.redfin.com/CA/Los-Angeles/11524-Felton-Ave-90045/home/6664464,CRMLS,SB17196079,N,Y,33.9292961,-118.3654736
PAST SALE,,Single Family Residential,721 Bayonne St,El Segundo,CA,90245,860000,2,1.0,,682,5028,1918,,1261,,,,,http://www.redfin.com/CA/El-Segundo/721-Bayonne-St-90245/home/6643543,,,N,Y,33.9257033,-118.4216216
PAST SALE,October-17-2017,Single Family Residential,2019 N Herrin St,Manhattan Beach,CA,90266,1639000,3,2.0,146 - Manhattan Bch Heights/Lib Vlg,1999,6659,1966,128,820,,Sold,,,http://www.redfin.com/CA/Manhattan-Beach/2019-N-Herrin-St-90266/home/6703119,CRMLS,SB17192596,N,Y,33.8925155,-118.3852958
PAST SALE,October-3-2017,Single Family Residential,11700 Cedar Ave,Hawthorne,CA,90250,535000,3,2.0,108 - North Hawthorne,1410,3829,1968,142,379,,Sold,,,http://www.redfin.com/CA/Hawthorne/11700-Cedar-Ave-90250/home/6502880,CRMLS,SB17181103,N,Y,33.9281095,-118.3489767
PAST SALE,,Single Family Residential,4162 W 149th St,Lawndale,CA,90260,460000,2,1.0,,1061,5392,1954,,434,,,,,http://www.redfin.com/CA/Lawndale/4162-W-149th-St-90260/home/6562454,,,N,Y,33.8961944,-118.3482722
PAST SALE,December-13-2017,Single Family Residential,11824 Menlo Ave,Hawthorne,CA,90250,490000,3,2.0,699 - Not Defined,1609,4030,1977,71,305,,Sold,,,http://www.redfin.com/CA/Hawthorne/11824-Menlo-Ave-90250/home/6503901,CRMLS,SB17118932,N,Y,33.9267787,-118.3468782
PAST SALE,December-1-2017,Single Family Residential,13421 Jefferson Ave,Hawthorne,CA,90250,482000,3,2.0,109 - Ramona/Burleigh,824,4453,1926,83,585,,Sold,,,http://www.redfin.com/CA/Hawthorne/13421-Jefferson-Ave-90250/home/6497033,CRMLS,SB17231468,N,Y,33.9103297,-118.3468569
PAST SALE,January-2-2018,Single Family Residential,439 E 98th St,Inglewood,CA,90301,425000,2,1.0,102 - South Inglewood,572,2362,1926,51,743,,Sold,,,http://www.redfin.com/CA/Inglewood/439-E-98th-St-90301/home/6459972,CRMLS,IN17246996,N,Y,33.9474534,-118.349562
PAST SALE,October-12-2017,Single Family Residential,604 East Palm Ave,El Segundo,CA,90245,1099000,2,1.0,El Segundo,1088,2935,1948,133,1010,,Sold,,,http://www.redfin.com/CA/El-Segundo/604-E-Palm-Ave-90245/home/6647057,TheMLS,17-263912,N,Y,33.9249188,-118.4095122
PAST SALE,November-9-2017,Single Family Residential,13831 Judah Ave,Hawthorne,CA,90250,920000,4,2.0,107 - Holly Glen/Del Aire,1546,4996,1954,105,595,,Sold,,,http://www.redfin.com/CA/Hawthorne/13831-Judah-Ave-90250/home/6674091,CRMLS,SB17251788,N,Y,33.9054066,-118.3784284
PAST SALE,,Single Family Residential,627 W Acacia Ave,El Segundo,CA,90245,1150000,3,1.0,,1069,7703,1953,,1076,,,,,http://www.redfin.com/CA/El-Segundo/627-W-Acacia-Ave-90245/home/6641442,,,N,Y,33.9299905,-118.4232762
PAST SALE,December-8-2017,Single Family Residential,7308 W 91st St,Los Angeles,CA,90045,935000,3,2.0,C29 - Westchester,1352,6034,1951,76,692,,Sold,,,http://www.redfin.com/CA/Los-Angeles/7308-W-91st-St-90045/home/6632932,CRMLS,DW17203572,N,Y,33.9541509,-118.4230911
PAST SALE,January-2-2018,Single Family Residential,517 Eucalyptus Dr,El Segundo,CA,90245,1555000,4,3.0,141 - El Segundo,2460,3500,2004,51,632,,Sold,,,http://www.redfin.com/CA/El-Segundo/517-Eucalyptus-Dr-90245/home/8152019,CRMLS,SB17185899,N,Y,33.9227231,-118.4138686
PAST SALE,September-14-2017,Single Family Residential,856 14th St,Manhattan Beach,CA,90266,1600000,3,2.0,143 - Manhattan Bch Tree,1454,5014,1947,161,1100,,Sold,,,http://www.redfin.com/CA/Manhattan-Beach/856-14th-St-90266/home/6706301,CRMLS,SB17091285,N,Y,33.8887626,-118.4010979
PAST SALE,September-6-2017,Single Family Residential,1330 21st St,Manhattan Beach,CA,90266,1755000,4,2.0,146 - Manhattan Bch Heights/Lib Vlg,1796,7499,1949,169,977,,Sold,,,http://www.redfin.com/CA/Manhattan-Beach/1330-21st-St-90266/home/6704020,CRMLS,SB17175010,N,Y,33.8926143,-118.3906513
PAST SALE,September-13-2017,Single Family Residential,121 35th St,Manhattan Beach,CA,90266,4700000,4,3.75,142 - Manhattan Bch Sand,3546,2697,1937,162,1325,,Sold,,,http://www.redfin.com/CA/Manhattan-Beach/121-35th-St-90266/home/6710008,CRMLS,SB17134319,N,Y,33.8994659,-118.4185475
PAST SALE,September-19-2017,Single Family Residential,427 Valley St,El Segundo,CA,90245,1267850,3,2.0,141 - El Segundo,1780,10875,1930,156,712,,Sold,,,http://www.redfin.com/CA/El-Segundo/427-Valley-St-90245/home/6642282,CRMLS,PW17111202,N,Y,33.921583,-118.4229899
PAST SALE,October-6-2017,Single Family Residential,5318 W 137th St,Hawthorne,CA,90250,980000,3,2.75,107 - Holly Glen/Del Aire,1488,5088,1955,139,659,,Sold,,,http://www.redfin.com/CA/Hawthorne/5318-137th-St-90250/home/6672651,CRMLS,SB17192522,N,Y,33.907702,-118.372932
PAST SALE,October-5-2017,Single Family Residential,516 Marine Ave,Manhattan Beach,CA,90266,2080000,3,2.0,Manhattan Beach Sand,1594,2948,1960,140,1305,,Sold,,,http://www.redfin.com/CA/Manhattan-Beach/516-Marine-Ave-90266/home/6711578,TheMLS,17-250292,N,Y,33.8925735,-118.4102713
PAST SALE,October-5-2017,Single Family Residential,11835 Ramona Ave,Hawthorne,CA,90250,585000,4,2.0,108 - North Hawthorne,1520,6938,1961,140,385,,Sold,,,http://www.redfin.com/CA/Hawthorne/11835-Ramona-Ave-90250/home/6494638,CRMLS,IN17125850,N,Y,33.926608,-118.3572473
PAST SALE,October-31-2017,Single Family Residential,1912 The Strand,Manhattan Beach,CA,90266,11300000,5,4.5,142 - Manhattan Bch Sand,3482,3327,1957,114,3245,,Sold,,,http://www.redfin.com/CA/Manhattan-Beach/1912-The-Strand-90266/home/113064978,CRMLS,SB17026827,N,Y,33.8896658,-118.4144697
PAST SALE,October-27-2017,Single Family Residential,2309 Walnut Ave,Manhattan Beach,CA,90266,3875000,5,4.0,143 - Manhattan Bch Tree,4432,4480,2017,118,874,,Sold,,,http://www.redfin.com/CA/Manhattan-Beach/2309-Walnut-Ave-90266/home/6707141,CRMLS,SB17244760,N,Y,33.8937041,-118.3997763
PAST SALE,November-22-2017,Single Family Residential,14607 Firmona Ave,Lawndale,CA,90260,450000,2,1.0,112 - North Lawndale,785,4484,1951,92,573,,Sold,,,http://www.redfin.com/CA/Lawndale/14607-Firmona-Ave-90260/home/6563239,CRMLS,PW17226009,N,Y,33.8990122,-118.3578334
PAST SALE,November-22-2017,Single Family Residential,810 Virginia St,El Segundo,CA,90245,1549000,4,2.0,141 - El Segundo,2100,6377,1927,92,738,,Sold,,,http://www.redfin.com/CA/El-Segundo/810-Virginia-St-90245/home/6644054,CRMLS,SB17231445,N,Y,33.9272879,-118.4192778
PAST SALE,November-28-2017,Single Family Residential,533 24th St,Manhattan Beach,CA,90266,2076750,3,2.0,142 - Manhattan Bch Sand,1746,3008,1953,86,1189,,Sold,,,http://www.redfin.com/CA/Manhattan-Beach/533-24th-St-90266/home/6710652,CRMLS,SB17229169,N,Y,33.8944115,-118.4103785
PAST SALE,,Single Family Residential,1315 17th St,Manhattan Beach,CA,90266,1775000,4,2.0,,2102,7005,1948,,844,,,,,http://www.redfin.com/CA/Manhattan-Beach/1315-17th-St-90266/home/6703961,,,N,Y,33.8903168,-118.3911403
PAST SALE,December-22-2017,Single Family Residential,2408 Pine Ave,Manhattan Beach,CA,90266,2200000,4,3.0,143 - Manhattan Bch Tree,3176,4482,1999,62,693,,Sold,,,http://www.redfin.com/CA/Manhattan-Beach/2408-Pine-Ave-90266/home/6707189,CRMLS,SB17163813,N,Y,33.89425,-118.3984359
PAST SALE,January-19-2018,Single Family Residential,116 24th Pl,Manhattan Beach,CA,90266,3875000,3,3.5,142 - Manhattan Bch Sand,2006,1351,2017,34,1932,,Sold,,,http://www.redfin.com/CA/Manhattan-Beach/116-24th-Pl-90266/home/6711060,CRMLS,SB17219013,N,Y,33.8928041,-118.4156442
PAST SALE,January-17-2018,Single Family Residential,228 29th St,Manhattan Beach,CA,90266,2840000,1,1.0,142 - Manhattan Bch Sand,893,2251,1951,36,3180,,Sold,,,http://www.redfin.com/CA/Manhattan-Beach/228-29th-St-90266/home/6710471,CRMLS,PV17263710,N,Y,33.8957341,-118.4158297
PAST SALE,December-29-2017,Single Family Residential,5038 W 129th St,Hawthorne,CA,90250,710000,3,1.75,107 - Holly Glen/Del Aire,1214,5284,1944,55,585,,Sold,,,http://www.redfin.com/CA/Hawthorne/5038-W-129th-St-90250/home/6669324,CRMLS,SB17236952,N,Y,33.9152899,-118.3669597
PAST SALE,December-4-2017,Single Family Residential,1407 21st St,Manhattan Beach,CA,90266,1610000,3,2.0,146 - Manhattan Bch Heights/Lib Vlg,1219,7499,1949,80,1321,,Sold,,,http://www.redfin.com/CA/Manhattan-Beach/1407-21st-St-90266/home/6703710,CRMLS,SB17248210,N,Y,33.8930504,-118.3895407
PAST SALE,February-13-2018,Single Family Residential,2517 Elm Ave,Manhattan Beach,CA,90266,1605000,2,1.75,143 - Manhattan Bch Tree,1577,4485,1945,9,1018,,Sold,,,http://www.redfin.com/CA/Manhattan-Beach/2517-Elm-Ave-90266/home/6708464,CRMLS,SB17215832,N,Y,33.895152,-118.3980488
PAST SALE,October-31-2017,Single Family Residential,1457 18th St,Manhattan Beach,CA,90266,3325000,5,3.25,146 - Manhattan Bch Heights/Lib Vlg,4550,7000,2017,114,731,,Sold,,,http://www.redfin.com/CA/Manhattan-Beach/1457-18th-St-90266/home/6703776,CRMLS,SB17091633,N,Y,33.8911503,-118.3878865
PAST SALE,February-9-2018,Single Family Residential,14909 Larch Ave,Lawndale,CA,90260,530000,2,1.0,112 - North Lawndale,945,7502,1951,13,561,,Sold,,,http://www.redfin.com/CA/Lawndale/14909-Larch-Ave-90260/home/6562330,CRMLS,PV17122359,N,Y,33.8960764,-118.3505094
PAST SALE,February-20-2018,Single Family Residential,441 34th St,Manhattan Beach,CA,90266,1805000,2,1.0,142 - Manhattan Bch Sand,1136,2705,1935,2,1589,,Sold,,,http://www.redfin.com/CA/Manhattan-Beach/441-34th-St-90266/home/6709645,CRMLS,SB17189193,N,Y,33.8997673,-118.4150784
PAST SALE,September-11-2017,Single Family Residential,4746 W 153rd Pl,Lawndale,CA,90260,460000,3,1.0,112 - North Lawndale,1030,3789,1950,164,447,,Sold,,,http://www.redfin.com/CA/Lawndale/4746-153rd-Pl-90260/home/6566238,CRMLS,SB17105104,N,Y,33.8916073,-118.361074
PAST SALE,September-20-2017,Single Family Residential,4550 W 153rd Pl,Lawndale,CA,90260,550000,3,2.0,112 - North Lawndale,1460,4620,1953,155,377,,Sold,,,http://www.redfin.com/CA/Lawndale/4550-153rd-Pl-90260/home/6566594,CRMLS,PV17160658,N,Y,33.8916298,-118.3565788
PAST SALE,August-31-2017,Single Family Residential,5567 Palm Dr,Hawthorne,CA,90250,1149000,3,2.5,107 - Holly Glen/Del Aire,2064,38081,2014,175,557,195,Sold,,,http://www.redfin.com/CA/Hawthorne/5567-Palm-Dr-90250/unit-16/home/79042861,CRMLS,PW17126007,N,Y,33.9130011,-118.3775431
PAST SALE,August-31-2017,Single Family Residential,5042 W 119th Pl,Hawthorne,CA,90250,862500,3,3.0,107 - Holly Glen/Del Aire,2645,6829,1947,175,326,,Sold,,,http://www.redfin.com/CA/Hawthorne/5042-W-119th-Pl-90250/home/6664753,CRMLS,SB17127947,N,Y,33.924306,-118.367186
PAST SALE,September-19-2017,Single Family Residential,1205 E Pine Ave,El Segundo,CA,90245,1200000,3,2.5,141 - El Segundo,1408,5312,1956,156,852,,Sold,,,http://www.redfin.com/CA/El-Segundo/1205-E-Pine-Ave-90245/home/6662409,CRMLS,SB17129254,N,Y,33.9224424,-118.4034277
PAST SALE,September-13-2017,Single Family Residential,676 W Palm Ave,El Segundo,CA,90245,1485000,4,3.0,141 - El Segundo,2044,4967,2005,162,727,,Sold,,,http://www.redfin.com/CA/El-Segundo/676-W-Palm-Ave-90245/home/6642556,CRMLS,SB17165126,N,Y,33.9248413,-118.4247625
PAST SALE,September-27-2017,Single Family Residential,840 Loma Vista St,El Segundo,CA,90245,907500,3,2.0,141 - El Segundo,955,4715,1949,148,950,,Sold,,,http://www.redfin.com/CA/El-Segundo/840-Loma-Vista-St-90245/home/6643364,CRMLS,RS17167164,N,Y,33.9281908,-118.4220692
PAST SALE,October-11-2017,Single Family Residential,606 Whiting St,El Segundo,CA,90245,1890000,4,3.0,141 - El Segundo,2985,7151,1953,134,633,,Sold,,,http://www.redfin.com/CA/El-Segundo/606-Whiting-St-90245/home/6654920,CRMLS,SB17190226,N,Y,33.9238843,-118.4204212
PAST SALE,October-12-2017,Single Family Residential,11613 Freeman Ave,Hawthorne,CA,90250,403000,2,1.0,108 - North Hawthorne,520,3826,1925,133,775,,Sold,,,http://www.redfin.com/CA/Hawthorne/11613-Freeman-Ave-90250/home/6502932,CRMLS,DW17199762,N,Y,33.92886,-118.3485086
PAST SALE,October-19-2017,Single Family Residential,4760 W 136th St,Hawthorne,CA,90250,540000,2,1.0,109 - Ramona/Burleigh,884,7380,1940,126,611,,Sold,,,http://www.redfin.com/CA/Hawthorne/4760-W-136th-St-90250/home/6491373,CRMLS,SW17147828,N,Y,33.9087313,-118.3604265
PAST SALE,October-10-2017,Single Family Residential,1147 S Eucalyptus Ave,Inglewood,CA,90301,442500,2,1.0,102 - South Inglewood,873,5809,1925,135,507,,Sold,,,http://www.redfin.com/CA/Inglewood/1147-S-Eucalyptus-Ave-90301/home/6457054,CRMLS,SB17209392,N,Y,33.9474062,-118.3593326
PAST SALE,October-13-2017,Single Family Residential,1426 E Oak Ave,El Segundo,CA,90245,1309500,3,2.0,141 - El Segundo,1798,7718,1955,132,728,,Sold,,,http://www.redfin.com/CA/El-Segundo/1426-E-Oak-Ave-90245/home/6661344,CRMLS,SB17179384,N,Y,33.9257892,-118.4008101
PAST SALE,,Single Family Residential,4939 W 123rd Pl,Hawthorne,CA,90250,399500,4,2.0,,1407,5565,1947,,284,,,,,http://www.redfin.com/CA/Hawthorne/4939-W-123rd-Pl-90250/home/6667300,,,N,Y,33.9209503,-118.3650128
PAST SALE,October-11-2017,Single Family Residential,5125 W 133rd St,Hawthorne,CA,90250,629000,3,1.0,107 - Holly Glen/Del Aire,1080,6171,1947,134,582,,Sold,,,http://www.redfin.com/CA/Hawthorne/5125-W-133rd-St-90250/home/6670123,CRMLS,SB17205656,N,Y,33.9122716,-118.3678356
PAST SALE,October-26-2017,Single Family Residential,4856 W 133rd St,Hawthorne,CA,90250,590000,3,2.0,108 - North Hawthorne,1248,5283,1950,119,473,,Sold,,,http://www.redfin.com/CA/Hawthorne/4856-W-133rd-St-90250/home/6670339,CRMLS,OC17204301,N,Y,33.9118829,-118.3632743
PAST SALE,October-24-2017,Single Family Residential,654 West Sycamore Ave,El Segundo,CA,90245,1240000,2,1.0,El Segundo,1171,7519,1950,121,1059,,Sold,,,http://www.redfin.com/CA/El-Segundo/654-W-Sycamore-Ave-90245/home/6641706,TheMLS,17-262520,N,Y,33.9276881,-118.4241722
PAST SALE,October-20-2017,Single Family Residential,203 W Walnut Ave,El Segundo,CA,90245,1240000,3,2.0,141 - El Segundo,1300,5143,1950,125,954,,Sold,,,http://www.redfin.com/CA/El-Segundo/203-W-Walnut-Ave-90245/home/6644369,CRMLS,PW17175837,N,Y,33.9290321,-118.4171944
PAST SALE,November-3-2017,Single Family Residential,940 Virginia St,El Segundo,CA,90245,875000,2,1.0,141 - El Segundo,888,5796,1938,111,985,,Sold,,,http://www.redfin.com/CA/El-Segundo/940-Virginia-St-90245/home/6644482,CRMLS,SB17149862,N,Y,33.9300042,-118.4192898
PAST SALE,November-17-2017,Single Family Residential,1419 E Mariposa Ave,El Segundo,CA,90245,1442800,4,3.5,141 - El Segundo,2976,5026,1989,97,485,,Sold,,,http://www.redfin.com/CA/El-Segundo/1419-E-Mariposa-Ave-90245/home/6661919,CRMLS,SB17160436,N,Y,33.9238427,-118.4012395
PAST SALE,,Single Family Residential,506 Sheldon St,El Segundo,CA,90245,1235500,3,3.0,,1599,6001,1952,,773,,,,,http://www.redfin.com/CA/El-Segundo/506-Sheldon-St-90245/home/6646035,,,N,Y,33.9224654,-118.4109325
PAST SALE,,Single Family Residential,1435 E Maple Ave,El Segundo,CA,90245,1869000,4,4.0,,3142,,1953,,595,,,,,http://www.redfin.com/CA/El-Segundo/1435-E-Maple-Ave-90245/home/143519128,,,N,Y,33.9272166,-118.4006228
PAST SALE,November-17-2017,Single Family Residential,438 Virginia St,El Segundo,CA,90245,1310000,4,3.0,141 - El Segundo,1911,7150,1938,97,686,,Sold,,,http://www.redfin.com/CA/El-Segundo/438-Virginia-St-90245/home/6655187,CRMLS,SB17228601,N,Y,33.9219618,-118.4192344
PAST SALE,December-8-2017,Single Family Residential,945 Sheldon St,El Segundo,CA,90245,965500,3,1.75,141 - El Segundo,1440,5235,1952,76,670,,Sold,,,http://www.redfin.com/CA/El-Segundo/945-Sheldon-St-90245/home/6645664,CRMLS,SB17179969,N,Y,33.9303252,-118.4114705
PAST SALE,,Single Family Residential,4559 W Century Blvd,Inglewood,CA,90304,143500,1,1.0,,794,3617,1923,,181,,,,,http://www.redfin.com/CA/Inglewood/4559-W-Century-Blvd-90304/home/6459415,,,N,Y,33.9456677,-118.356393
PAST SALE,December-7-2017,Single Family Residential,1448 Elin Pointe Dr,El Segundo,CA,90245,1089000,3,3.0,141 - El Segundo,1973,62603,2004,77,552,160,Sold,,,http://www.redfin.com/CA/El-Segundo/1448-Elin-Pointe-Dr-90245/unit-13/home/8135452,CRMLS,SB17220938,N,Y,33.920493,-118.400983
PAST SALE,December-21-2017,Single Family Residential,708 W Palm Ave,El Segundo,CA,90245,999999,3,1.0,141 - El Segundo,1085,5657,1952,63,922,,Sold,,,http://www.redfin.com/CA/El-Segundo/708-W-Palm-Ave-90245/home/6642599,CRMLS,SB17255576,N,Y,33.9243805,-118.4255146
PAST SALE,December-20-2017,Single Family Residential,5415 W 119th Pl,Hawthorne,CA,90304,777000,5,2.0,107 - Holly Glen/Del Aire,1947,7830,1941,64,399,,Sold,,,http://www.redfin.com/CA/Inglewood/5415-W-119th-Pl-90304/home/6663893,CRMLS,SB17243052,N,Y,33.9247744,-118.3749353
PAST SALE,December-21-2017,Single Family Residential,5236 Pacific Ter,Hawthorne,CA,90250,1133000,4,2.5,107 - Holly Glen/Del Aire,2064,34013,2014,63,549,192,Sold,,,http://www.redfin.com/CA/Hawthorne/5236-Pacific-Ter-90250/unit-79/home/110126266,CRMLS,SB17215615,N,Y,33.914946,-118.37319
PAST SALE,January-10-2018,Single Family Residential,5516 W 118th St,Hawthorne,CA,90304,710000,3,1.75,107 - Holly Glen/Del Aire,1605,7964,1941,43,442,,Sold,,,http://www.redfin.com/CA/Inglewood/5516-W-118th-St-90304/home/6663595,CRMLS,SB17257926,N,Y,33.9271079,-118.377202
PAST SALE,September-8-2017,Single Family Residential,728 Loma Vista St,El Segundo,CA,90245,1255000,5,2.75,141 - El Segundo,2599,5888,1956,167,483,,Sold,,,http://www.redfin.com/CA/El-Segundo/728-Loma-Vista-St-90245/home/6643495,CRMLS,SB17064920,N,Y,33.9259572,-118.4220679
PAST SALE,,Single Family Residential,1220 E Maple Ave,El Segundo,CA,90245,3100000,5,4.0,,3028,21770,1946,,1024,,,,,http://www.redfin.com/CA/El-Segundo/1220-E-Maple-Ave-90245/home/6661427,,,N,Y,33.92674,-118.4033479
PAST SALE,January-26-2018,Single Family Residential,13301 Hindry Ave,Hawthorne,CA,90250,858000,3,2.0,107 - Holly Glen/Del Aire,1124,5002,1955,27,763,,Sold,,,http://www.redfin.com/CA/Hawthorne/13301-Hindry-Ave-90250/home/6672187,CRMLS,SB17264631,N,Y,33.9119749,-118.3722749
PAST SALE,January-26-2018,Single Family Residential,4824 West 134th St,Hawthorne,CA,90250,750000,3,1.75,Holly Glen/Del Aire,1148,5287,1954,27,653,,Sold,,,http://www.redfin.com/CA/Hawthorne/4824-W-134th-St-90250/home/6670946,TheMLS,17-270722,N,Y,33.9110129,-118.3622117
PAST SALE,February-8-2018,Single Family Residential,4238 W 105th St,Inglewood,CA,90304,435000,3,1.0,105 - Lennox,1054,5893,1954,14,413,,Sold,,,http://www.redfin.com/CA/Inglewood/4238-W-105th-St-90304/home/6481384,CRMLS,CV17031013,N,Y,33.9406956,-118.3496861
PAST SALE,,Single Family Residential,5514 134th St,Hawthorne,CA,90250,735000,3,2.0,,1120,5006,1955,,656,,,,,http://www.redfin.com/CA/Hawthorne/5514-134th-St-90250/home/6672465,,,N,Y,33.9107011,-118.3769424
PAST SALE,February-7-2018,Single Family Residential,202 Whiting St,El Segundo,CA,90245,1800000,5,4.0,141 - El Segundo,3020,4400,2017,15,596,,Sold,,,http://www.redfin.com/CA/El-Segundo/202-Whiting-St-90245/home/6655599,CRMLS,SB17254965,N,Y,33.9180065,-118.4203887
PAST SALE,January-4-2018,Single Family Residential,5315 W 124th Pl,Hawthorne,CA,90250,790000,3,2.0,107 - Holly Glen/Del Aire,1450,5126,1950,49,545,,Sold,,,http://www.redfin.com/CA/Hawthorne/5315-W-124th-Pl-90250/home/6668511,CRMLS,SB17234490,N,Y,33.9198647,-118.3726513
PAST SALE,February-13-2018,Single Family Residential,425 West Oak Ave,El Segundo,CA,90245,2350000,5,5.5,El Segundo,4000,8144,2017,9,588,,Sold,,,http://www.redfin.com/CA/El-Segundo/425-W-Oak-Ave-90245/home/6643589,TheMLS,18-299600,N,Y,33.9262746,-118.4205686
PAST SALE,February-14-2018,Single Family Residential,905 Hillcrest St,El Segundo,CA,90245,1465000,5,3.5,141 - El Segundo,2919,5001,1978,8,502,,Sold,,,http://www.redfin.com/CA/El-Segundo/905-Hillcrest-St-90245/home/6642801,CRMLS,SB17226648,N,Y,33.9290598,-118.4253236
PAST SALE,February-15-2018,Single Family Residential,5124 W 131st St,Hawthorne,CA,90250,670000,2,1.0,107 - Holly Glen/Del Aire,961,6434,1923,7,697,,Sold,,,http://www.redfin.com/CA/Hawthorne/5124-W-131st-St-90250/home/6669971,CRISNet,SR17276607,N,Y,33.9136147,-118.3679905
PAST SALE,October-26-2017,Single Family Residential,5117 W 134th St,Hawthorne,CA,90250,625000,3,2.0,107 - Holly Glen/Del Aire,1274,6072,1950,119,491,,Sold,,,http://www.redfin.com/CA/Hawthorne/5117-W-134th-St-90250/home/6670579,CRMLS,SB17221154,N,Y,33.9114182,-118.3676926
PAST SALE,January-10-2018,Single Family Residential,11609 Birch Ave,Hawthorne,CA,90250,508000,3,2.0,108 - North Hawthorne,1061,6994,1947,43,479,,Sold,,,http://www.redfin.com/CA/Hawthorne/11609-Birch-Ave-90250/home/6503207,CRMLS,SB17269223,N,Y,33.9288445,-118.3505094
PAST SALE,December-29-2017,Single Family Residential,710 Redwood Ave,El Segundo,CA,90245,1395000,4,2.5,141 - El Segundo,2587,5007,1979,55,539,,Sold,,,http://www.redfin.com/CA/El-Segundo/710-Redwood-Ave-90245/home/6642858,CRMLS,SB17193483,N,Y,33.9290998,-118.4256431
PAST SALE,February-21-2018,Single Family Residential,5122 W 129th St,Hawthorne,CA,90250,715500,3,1.5,107 - Holly Glen/Del Aire,1369,6611,1944,1,523,,Sold,,,http://www.redfin.com/CA/Hawthorne/5122-W-129th-St-90250/home/6669442,CRMLS,SB18015633,N,Y,33.9153453,-118.3679236
PAST SALE,February-21-2018,Single Family Residential,635 W Acacia Ave,El Segundo,CA,90245,1075000,4,2.0,141 - El Segundo,1440,6750,1948,1,747,,Sold,,,http://www.redfin.com/CA/El-Segundo/635-W-Acacia-Ave-90245/home/6641493,CRMLS,SB18041012,N,Y,33.9299878,-118.423578
PAST SALE,February-21-2018,Single Family Residential,4859 W 97th St,Inglewood,CA,90301,525000,3,2.0,699 - Not Defined,1349,8817,1941,1,389,,Sold,,,http://www.redfin.com/CA/Inglewood/4859-W-97th-St-90301/home/6455748,CRMLS,PW18008289,N,Y,33.9487154,-118.3633462
PAST SALE,September-1-2017,Single Family Residential,324 17th St,Manhattan Beach,CA,90266,4950000,4,4.5,142 - Manhattan Bch Sand,3634,2707,2009,174,1362,,Sold,,,http://www.redfin.com/CA/Manhattan-Beach/324-17th-St-90266/home/6711509,CRMLS,SB17118466,N,Y,33.8888277,-118.4110739
PAST SALE,September-7-2017,Single Family Residential,3420 The Strand,Manhattan Beach,CA,90266,15400000,5,5.5,142 - Manhattan Bch Sand,5500,3517,2003,168,2800,,Sold,,,http://www.redfin.com/CA/Manhattan-Beach/3420-The-Strand-90266/home/6710018,CRMLS,SB17096737,N,Y,33.899056,-118.418914
PAST SALE,September-5-2017,Single Family Residential,212 40th St,Manhattan Beach,CA,90266,1800000,3,2.0,142 - Manhattan Bch Sand,1518,1484,1929,170,1186,,Sold,,,http://www.redfin.com/CA/Manhattan-Beach/212-40th-St-90266/home/6656527,CRMLS,SB17151175,N,Y,33.9025459,-118.4192678
PAST SALE,September-14-2017,Single Family Residential,2100 Pine Ave,Manhattan Beach,CA,90266,3033000,5,5.0,143 - Manhattan Bch Tree,3180,4481,2008,161,954,,Sold,,,http://www.redfin.com/CA/Manhattan-Beach/2100-Pine-Ave-90266/home/6707201,CRMLS,SB17102027,N,Y,33.8929291,-118.3984037
PAST SALE,September-29-2017,Single Family Residential,2704 Oak Ave,Manhattan Beach,CA,90266,1500000,3,2.25,Manhattan Beach Tree,2177,4481,1947,146,689,,Sold,,,http://www.redfin.com/CA/Manhattan-Beach/2704-Oak-Ave-90266/home/6708492,TheMLS,17-269736,N,Y,33.8960234,-118.3967342
PAST SALE,October-4-2017,Single Family Residential,3000 Palm Ave,Manhattan Beach,CA,90266,3550000,5,4.5,143 - Manhattan Bch Tree,3588,4634,2017,141,989,,Sold,,,http://www.redfin.com/CA/Manhattan-Beach/3000-Palm-Ave-90266/home/6708271,CRMLS,SB17091582,N,Y,33.8976748,-118.4014118
PAST SALE,October-17-2017,Single Family Residential,632 29th St,Manhattan Beach,CA,90266,3375000,5,6.0,143 - Manhattan Bch Tree,3345,4803,2003,128,1009,,Sold,,,http://www.redfin.com/CA/Manhattan-Beach/632-29th-St-90266/home/6709176,CRMLS,SB17239682,N,Y,33.8968158,-118.408514
PAST SALE,October-20-2017,Single Family Residential,3208 Pine Ave,Manhattan Beach,CA,90266,1850000,3,2.5,143 - Manhattan Bch Tree,2443,7019,1961,125,757,,Sold,,,http://www.redfin.com/CA/Manhattan-Beach/3208-Pine-Ave-90266/home/6708030,CRMLS,SB16196173,N,Y,33.8988443,-118.3987776
PAST SALE,October-26-2017,Single Family Residential,750 26th St,Manhattan Beach,CA,90266,3285000,5,5.0,143 - Manhattan Bch Tree,3951,5123,2002,119,831,,Sold,,,http://www.redfin.com/CA/Manhattan-Beach/750-26th-St-90266/home/6709317,CRMLS,SB17244050,N,Y,33.8952299,-118.4054427
PAST SALE,November-8-2017,Single Family Residential,700 Rosecrans Ave,Manhattan Beach,CA,90266,1250000,3,2.0,143 - Manhattan Bch Tree,1278,4340,1965,106,978,,Sold,,,http://www.redfin.com/CA/Manhattan-Beach/700-Rosecrans-Ave-90266/home/6708697,CRMLS,SB17210962,N,Y,33.9015827,-118.4070859
PAST SALE,November-9-2017,Single Family Residential,2416 Pine Ave,Manhattan Beach,CA,90266,1545000,2,1.0,143 - Manhattan Bch Tree,1029,5057,1950,105,1501,,Sold,,,http://www.redfin.com/CA/Manhattan-Beach/2416-Pine-Ave-90266/home/6707187,CRMLS,SB17186446,N,Y,33.8944617,-118.3984745
PAST SALE,,Single Family Residential,660 35th St,Manhattan Beach,CA,90266,1950000,3,3.0,,1804,5401,1947,,1081,,,,,http://www.redfin.com/CA/Manhattan-Beach/660-35th-St-90266/home/6708829,,,N,Y,33.8997507,-118.4075707
PAST SALE,November-13-2017,Single Family Residential,117 21st Pl,Manhattan Beach,CA,90266,2050000,2,2.5,142 - Manhattan Bch Sand,1318,1347,1967,101,1555,,Sold,,,http://www.redfin.com/CA/Manhattan-Beach/117-21st-Pl-90266/home/6711312,CRMLS,SB17197158,N,Y,33.891053,-118.4147683
PAST SALE,November-28-2017,Single Family Residential,2700 Pacific Ave,Manhattan Beach,CA,90266,2400000,4,3.75,143 - Manhattan Bch Tree,3115,4480,1998,86,770,,Sold,,,http://www.redfin.com/CA/Manhattan-Beach/2700-Pacific-Ave-90266/home/6708228,CRMLS,SB17237553,N,Y,33.8963424,-118.4031798
PAST SALE,,Single Family Residential,3112 Maple Ave,Manhattan Beach,CA,90266,2650000,5,4.0,,3333,4652,2005,,795,,,,,http://www.redfin.com/CA/Manhattan-Beach/3112-Maple-Ave-90266/home/6708155,,,N,Y,33.8985483,-118.4023128
PAST SALE,December-27-2017,Single Family Residential,224 31st St,Manhattan Beach,CA,90266,4600000,4,4.5,142 - Manhattan Bch Sand,4150,2699,2005,57,1108,,Sold,,,http://www.redfin.com/CA/Manhattan-Beach/224-31st-St-90266/home/6710513,CRMLS,SB17254916,N,Y,33.896944,-118.416436
PAST SALE,December-19-2017,Single Family Residential,656 26th St,Manhattan Beach,CA,90266,2990000,4,4.5,143 - Manhattan Bch Tree,3466,5121,1984,65,863,,Sold,,,http://www.redfin.com/CA/Manhattan-Beach/656-26th-St-90266/home/6709350,CRMLS,SB17163689,N,Y,33.8952233,-118.4077116
PAST SALE,December-21-2017,Single Family Residential,2201 Alma Ave,Manhattan Beach,CA,90266,6925000,4,4.5,142 - Manhattan Bch Sand,4300,2701,2017,63,1610,,Sold,,,http://www.redfin.com/CA/Manhattan-Beach/2201-Alma-Ave-90266/home/6710943,CRMLS,SB17267084,N,Y,33.8922669,-118.4129116
PAST SALE,January-5-2018,Single Family Residential,2604 Alma Ave,Manhattan Beach,CA,90266,3661125,2,2.5,142 - Manhattan Bch Sand,2630,3465,1940,48,1392,,Sold,,,http://www.redfin.com/CA/Manhattan-Beach/2604-Alma-Ave-90266/home/6710848,CRMLS,SB17147028,N,Y,33.894816,-118.413812
PAST SALE,January-19-2018,Single Family Residential,1408 Walnut Ave,Manhattan Beach,CA,90266,2360000,4,3.0,143 - Manhattan Bch Tree,3000,4201,1997,34,787,,Sold,,,http://www.redfin.com/CA/Manhattan-Beach/1408-Walnut-Ave-90266/home/6706136,CRMLS,SB17248280,N,Y,33.8892677,-118.3993094
PAST SALE,,Single Family Residential,2004 Pacific Ave,Manhattan Beach,CA,90266,1950000,3,2.0,,956,5057,1953,,2040,,,,,http://www.redfin.com/CA/Manhattan-Beach/2004-Pacific-Ave-90266/home/6707006,,,N,Y,33.8927026,-118.4030674
PAST SALE,,Single Family Residential,2205 Elm Ave,Manhattan Beach,CA,90266,1505000,2,2.0,,1077,4484,1947,,1397,,,,,http://www.redfin.com/CA/Manhattan-Beach/2205-Elm-Ave-90266/home/6707215,,,N,Y,33.8933678,-118.3980434
PAST SALE,January-19-2018,Single Family Residential,2410 Laurel Ave,Manhattan Beach,CA,90266,2250000,4,2.75,143 - Manhattan Bch Tree,2578,5280,1963,34,873,,Sold,,,http://www.redfin.com/CA/Manhattan-Beach/2410-Laurel-Ave-90266/home/6706993,CRMLS,SB17251068,N,Y,33.8942102,-118.4038792
PAST SALE,,Single Family Residential,311 26th St,Manhattan Beach,CA,90266,5000000,4,4.0,,2333,1747,2007,,2143,,,,,http://www.redfin.com/CA/Manhattan-Beach/311-26th-St-90266/home/6710864,,,N,Y,33.8944607,-118.4145844
PAST SALE,January-4-2018,Single Family Residential,663 18th St,Manhattan Beach,CA,90266,5575000,5,4.75,143 - Manhattan Bch Tree,4900,6230,2004,49,1138,,Sold,,,http://www.redfin.com/CA/Manhattan-Beach/663-18th-St-90266/home/6707581,CRMLS,SB17252380,N,Y,33.8913126,-118.4068856
PAST SALE,February-14-2018,Single Family Residential,664 27th St,Manhattan Beach,CA,90266,2250000,2,1.0,143 - Manhattan Bch Tree,884,5123,1948,8,2545,,Sold,,,http://www.redfin.com/CA/Manhattan-Beach/664-27th-St-90266/home/6709220,CRMLS,SB17273103,N,Y,33.8960987,-118.4074513
PAST SALE,February-15-2018,Single Family Residential,3524 Laurel Ave,Manhattan Beach,CA,90266,2450000,5,4.5,143 - Manhattan Bch Tree,3199,4640,2010,7,766,,Sold,,,http://www.redfin.com/CA/Manhattan-Beach/3524-Laurel-Ave-90266/home/6708729,CRMLS,SB17280201,N,Y,33.9008169,-118.4041096
PAST SALE,November-3-2017,Single Family Residential,620 29th St,Manhattan Beach,CA,90266,4650000,5,4.5,143 - Manhattan Bch Tree,4747,4803,2017,111,980,,Sold,,,http://www.redfin.com/CA/Manhattan-Beach/620-29th-St-90266/home/6709173,CRMLS,SB17249460,N,Y,33.8968005,-118.4088966
PAST SALE,January-10-2018,Single Family Residential,1817 Elm Ave,Manhattan Beach,CA,90266,2450000,5,4.0,143 - Manhattan Bch Tree,3184,4487,1999,43,769,,Sold,,,http://www.redfin.com/CA/Manhattan-Beach/1817-Elm-Ave-90266/home/6707355,CRMLS,CV17267810,N,Y,33.8918353,-118.3980767
PAST SALE,,Single Family Residential,5251 139th St,Hawthorne,CA,90250,531000,3,2.0,,1098,5004,1955,,484,,,,,http://www.redfin.com/CA/Hawthorne/5251-139th-St-90250/home/6672906,,,N,Y,33.9053326,-118.3719116
PAST SALE,October-24-2017,Single Family Residential,4479 W 142nd St,Hawthorne,CA,90250,560000,2,1.0,109 - Ramona/Burleigh,882,5823,1947,121,635,,Sold,,,http://www.redfin.com/CA/Hawthorne/4479-W-142nd-St-90250/home/6492917,CRMLS,SB17186042,N,Y,33.9029702,-118.3545309
PAST SALE,December-18-2017,Single Family Residential,14720 Firmona Ave,Lawndale,CA,90260,425000,1,1.0,North Lawndale,551,2500,1948,66,771,,Sold,,,http://www.redfin.com/CA/Lawndale/14720-Firmona-Ave-90260/home/6564787,PALM,17-278516PS,N,Y,33.8976449,-118.3573901
PAST SALE,December-18-2017,Single Family Residential,5162 W 139th St W,Hawthorne,CA,90250,600000,3,2.0,109 - Ramona/Burleigh,1563,6002,1960,66,384,,Sold,,,http://www.redfin.com/CA/Hawthorne/5162-139th-St-90250/home/6676540,CRMLS,SB17246994,N,Y,33.9049911,-118.3691819
PAST SALE,September-13-2017,Single Family Residential,1311 19th St,Manhattan Beach,CA,90266,1625000,2,1.0,146 - Manhattan Bch Heights/Lib Vlg,1092,7497,1949,162,1488,,Sold,,,http://www.redfin.com/CA/Manhattan-Beach/1311-19th-St-90266/home/6704029,CRMLS,SB17196068,N,Y,33.8920634,-118.3913083
PAST SALE,September-14-2017,Single Family Residential,14909 Condon Ave,Lawndale,CA,90260,480000,3,2.0,112 - North Lawndale,1119,5100,1959,161,429,,Sold,,,http://www.redfin.com/CA/Lawndale/14909-Condon-Ave-90260/home/6563697,CRMLS,SB17187660,N,Y,33.8961326,-118.3597112
PAST SALE,October-12-2017,Single Family Residential,14906 Firmona Ave,Lawndale,CA,90260,619000,3,2.5,112 - North Lawndale,1946,2499,1984,133,318,,Sold,,,http://www.redfin.com/CA/Lawndale/14906-Firmona-Ave-90260/home/6564371,CRMLS,SB17213908,N,Y,33.8961727,-118.3573882
PAST SALE,November-13-2017,Single Family Residential,1530 21st St,Manhattan Beach,CA,90266,1685000,3,2.0,146 - Manhattan Bch Heights/Lib Vlg,1920,7195,1964,101,878,,Sold,,,http://www.redfin.com/CA/Manhattan-Beach/1530-21st-St-90266/home/6703125,CRMLS,SB17220629,N,Y,33.8925481,-118.3863125
PAST SALE,January-10-2018,Single Family Residential,15022 Kingsdale Ave,Lawndale,CA,90260,1300000,4,2.0,112 - North Lawndale,2064,6033,1915,43,630,,Sold,,,http://www.redfin.com/CA/Lawndale/15022-Kingsdale-Ave-90260/home/6564393,CRMLS,SB17240650,N,Y,33.8948786,-118.3565806
PAST SALE,November-1-2017,Single Family Residential,14507 Kingsdale Ave,Lawndale,CA,90260,556000,3,2.5,112 - North Lawndale,1881,2511,1981,113,296,,Sold,,,http://www.redfin.com/CA/Lawndale/14507-Kingsdale-Ave-90260/home/6565226,CRMLS,SB17206733,N,Y,33.899854,-118.3570382
PAST SALE,,Single Family Residential,1617 23rd St,Manhattan Beach,CA,90266,2225000,5,5.0,,3636,4983,2006,,612,,,,,http://www.redfin.com/CA/Manhattan-Beach/1617-23rd-St-90266/home/6703272,,,N,Y,33.8941567,-118.3844944
PAST SALE,September-12-2017,Single Family Residential,11156 Mansel Ave,Inglewood,CA,90304,470000,3,2.0,101 - North Inglewood,1404,5974,2004,163,335,,Sold,,,http://www.redfin.com/CA/Inglewood/11156-Mansel-Ave-90304/home/8174841,CRMLS,TR17034057,N,Y,33.9327926,-118.3554512
PAST SALE,,Single Family Residential,4803 W 121st St,Hawthorne,CA,90250,530000,,,,1888,5553,1957,,281,,,,,http://www.redfin.com/CA/Hawthorne/4803-W-121st-St-90250/home/17244419,,,N,Y,33.9230382,-118.3615015
PAST SALE,September-19-2017,Single Family Residential,4821 W 132nd St,Hawthorne,CA,90250,660000,2,2.0,107 - Holly Glen/Del Aire,1193,5283,1944,156,553,,Sold,,,http://www.redfin.com/CA/Hawthorne/4821-W-132nd-St-90250/home/6669842,CRMLS,SB17139493,N,Y,33.9131397,-118.3620756
PAST SALE,September-19-2017,Single Family Residential,4861 W 142nd St,Hawthorne,CA,90250,682000,3,2.0,109 - Ramona/Burleigh,1414,8701,1930,156,482,,Sold,,,http://www.redfin.com/CA/Hawthorne/4861-W-142nd-St-90250/home/6676970,CRMLS,SB17159105,N,Y,33.90305,-118.363414
PAST SALE,September-26-2017,Single Family Residential,11022 Dalerose Ave,Lennox,CA,90304,405000,2,1.0,Lennox,902,5907,1948,149,449,,Sold,,,http://www.redfin.com/CA/Lennox/11022-Dalerose-Ave-90304/home/6484989,TheMLS,17-264336,N,Y,33.9353188,-118.3600028
PAST SALE,September-25-2017,Single Family Residential,5306 W 138th St,Hawthorne,CA,90250,1013000,3,2.5,107 - Holly Glen/Del Aire,2144,5003,1955,150,472,,Sold,,,http://www.redfin.com/CA/Hawthorne/5306-W-138th-St-90250/home/6672969,CRMLS,SB17181835,N,Y,33.906309,-118.3724416
PAST SALE,September-22-2017,Single Family Residential,4874 W 129th St,Hawthorne,CA,90250,780000,3,2.0,107 - Holly Glen/Del Aire,1829,7925,1952,153,426,,Sold,,,http://www.redfin.com/CA/Hawthorne/4874-W-129th-St-90250/home/6669231,CRMLS,PV17169740,N,Y,33.9152787,-118.3638515
PAST SALE,October-13-2017,Single Family Residential,5571 Palm Dr,Hawthorne,CA,90250,1260000,4,2.5,107 - Holly Glen/Del Aire,2514,46157,2013,132,501,192,Sold,,,http://www.redfin.com/CA/Hawthorne/5571-Palm-Dr-90250/home/58302436,CRMLS,SB17184615,N,Y,33.9127136,-118.3782238
PAST SALE,October-17-2017,Single Family Residential,4495 W 137th Pl W,Hawthorne,CA,90250,615000,3,1.75,109 - Ramona/Burleigh,1340,6150,1927,128,459,,Sold,,,http://www.redfin.com/CA/Hawthorne/4495-W-137th-Pl-90250/home/6491629,CRMLS,SB17206515,N,Y,33.9071759,-118.3548038
PAST SALE,October-25-2017,Single Family Residential,13724 Rossburn,Hawthorne,CA,90250,950000,4,1.75,107 - Holly Glen/Del Aire,1993,5505,1955,120,477,,Sold,,,http://www.redfin.com/CA/Hawthorne/13724-Rossburn-Ave-90250/home/6674447,CRMLS,SB17204375,N,Y,33.9069689,-118.3770489
PAST SALE,October-25-2017,Single Family Residential,13912 Truro Ave,Hawthorne,CA,90250,875000,5,4.0,109 - Ramona/Burleigh,3227,5520,1947,120,271,,Sold,,,http://www.redfin.com/CA/Hawthorne/13912-Truro-Ave-90250/home/6492338,CRISNet,SR17190231,N,Y,33.9050321,-118.3579002
PAST SALE,November-3-2017,Single Family Residential,10501 Buford Ave,Inglewood,CA,90304,630000,3,1.0,Lennox,1139,20183,,111,553,,Sold,,,http://www.redfin.com/CA/Inglewood/10501-Buford-Ave-90304/home/6487275,TheMLS,17-272310,N,Y,33.9409564,-118.363761
PAST SALE,November-2-2017,Single Family Residential,5111 W 139th St,Hawthorne,CA,90250,626000,3,1.75,109 - Ramona/Burleigh,1525,6002,1951,112,410,,Sold,,,http://www.redfin.com/CA/Hawthorne/5111-139th-St-90250/home/6675920,CRISNet,SR17194335,N,Y,33.905429,-118.367561
PAST SALE,December-12-2017,Single Family Residential,11319 Burin Ave,Hawthorne,CA,90304,546000,3,2.0,108 - North Hawthorne,1415,3502,1948,72,386,,Sold,,,http://www.redfin.com/CA/Inglewood/11319-S-Burin-Ave-90304/home/6485833,CRMLS,PV17201232,N,Y,33.9315464,-118.3539792
PAST SALE,September-29-2017,Single Family Residential,12509 Manor Dr,Hawthorne,CA,90250,685000,3,1.75,108 - North Hawthorne,1620,5942,1953,146,423,,Sold,,,http://www.redfin.com/CA/Hawthorne/12509-Manor-Dr-90250/home/6488984,CRMLS,IN17163144,N,Y,33.9188694,-118.3558055
PAST SALE,November-30-2017,Single Family Residential,11025 Mansel Ave,Lennox,CA,90304,440000,2,1.0,105 - Lennox,773,4692,1924,84,569,,Sold,,,http://www.redfin.com/CA/Inglewood/11025-Mansel-Ave-90304/home/6485324,CRMLS,IN17234742,N,Y,33.9352921,-118.356167
PAST SALE,December-27-2017,Single Family Residential,5121 W 126th St,Hawthorne,CA,90250,710000,3,2.5,107 - Holly Glen/Del Aire,1712,4887,1997,57,415,,Sold,,,http://www.redfin.com/CA/Hawthorne/5121-W-126th-St-90250/home/6666755,CRMLS,SB17188311,N,Y,33.9188454,-118.3683534
PAST SALE,December-29-2017,Single Family Residential,11825 Menlo Ave,Hawthorne,CA,90250,510000,3,2.0,108 - North Hawthorne,1164,6565,1955,55,438,,Sold,,,http://www.redfin.com/CA/Hawthorne/11825-Menlo-Ave-90250/home/6503757,CRMLS,MB17240932,N,Y,33.9267826,-118.3474375
PAST SALE,September-15-2017,Single Family Residential,4727 West 141st St,Hawthorne,CA,90250,521000,3,1.0,Ramona/Burleigh,1008,5822,1948,160,517,,Sold,,,http://www.redfin.com/CA/Hawthorne/4727-W-141st-St-90250/home/6492602,TheMLS,17-247338,N,Y,33.9039015,-118.3598133
PAST SALE,September-19-2017,Single Family Residential,1344 19th St,Manhattan Beach,CA,90266,2300000,4,2.75,146 - Manhattan Bch Heights/Lib Vlg,3148,7001,1993,156,731,,Sold,,,http://www.redfin.com/CA/Manhattan-Beach/1344-19th-St-90266/home/6703986,CRMLS,SB17162814,N,Y,33.8916818,-118.3901566
PAST SALE,October-31-2017,Single Family Residential,4117 W 154th St,Lawndale,CA,90260,520000,2,1.0,112 - North Lawndale,837,4830,1949,114,621,,Sold,,,http://www.redfin.com/CA/Lawndale/4117-W-154th-St-90260/home/6559049,CRMLS,DW17218431,N,Y,33.8912641,-118.3467329
PAST SALE,November-9-2017,Single Family Residential,4841 W 131st St,Hawthorne,CA,90250,635000,2,2.0,699 - Not Defined,1050,5283,1952,105,605,,Sold,,,http://www.redfin.com/CA/Hawthorne/4841-W-131st-St-90250/home/6669767,CRMLS,IG17194109,N,Y,33.9139821,-118.3627341
PAST SALE,November-29-2017,Single Family Residential,4525 W 131st St,Hawthorne,CA,90250,615000,3,2.0,109 - Ramona/Burleigh,1461,6000,1958,85,421,,Sold,,,http://www.redfin.com/CA/Hawthorne/4525-W-131st-St-90250/home/6491103,CRMLS,SB17231122,N,Y,33.9138283,-118.3553251
PAST SALE,January-17-2018,Single Family Residential,12530 Birch Ave,Hawthorne,CA,90250,343000,2,2.0,108 - North Hawthorne,984,3188,1935,36,349,,Sold,,,http://www.redfin.com/CA/Hawthorne/12530-Birch-Ave-90250/home/6500639,CRMLS,SB17238068,N,Y,33.9185151,-118.3498853
PAST SALE,January-22-2018,Single Family Residential,4715 W 141st St,Hawthorne,CA,90250,504000,3,1.0,109 - Ramona/Burleigh,962,5820,1948,31,524,,Sold,,,http://www.redfin.com/CA/Hawthorne/4715-W-141st-St-90250/home/6492607,CRMLS,SB18000665,N,Y,33.903921,-118.3595557
PAST SALE,November-30-2017,Single Family Residential,1905 Manzanita Ln,Manhattan Beach,CA,90266,1570000,4,2.0,146 - Manhattan Bch Heights/Lib Vlg,1844,5402,1950,84,851,,Sold,,,http://www.redfin.com/CA/Manhattan-Beach/1905-Manzanita-Ln-90266/home/6703426,CRMLS,SB17207418,N,Y,33.8921728,-118.3819163
PAST SALE,February-2-2018,Single Family Residential,2208 Wendy Way,Manhattan Beach,CA,90266,1825000,3,2.75,146 - Manhattan Bch Heights/Lib Vlg,1794,5992,1950,20,1017,,Sold,,,http://www.redfin.com/CA/Manhattan-Beach/2208-Wendy-Way-90266/home/8135658,CRMLS,SB17249870,N,Y,33.8937142,-118.3789973
PAST SALE,January-11-2018,Single Family Residential,14714 Firmona Ave,Lawndale,CA,90260,519000,2,1.0,112 - North Lawndale,952,3002,1959,42,545,,Sold,,,http://www.redfin.com/CA/Lawndale/14714-Firmona-Ave-90260/home/6564811,CRMLS,SB17275904,N,Y,33.8978446,-118.357471
PAST SALE,September-1-2017,Single Family Residential,2312 Elm Ave,Manhattan Beach,CA,90266,1760000,3,2.0,143 - Manhattan Bch Tree,1472,4480,1952,174,1196,,Sold,,,http://www.redfin.com/CA/Manhattan-Beach/2312-Elm-Ave-90266/home/6707232,CRMLS,SB17202065,N,Y,33.893828,-118.3975944
PAST SALE,September-28-2017,Single Family Residential,3108 Vista Dr,Manhattan Beach,CA,90266,2199000,3,3.0,142 - Manhattan Bch Sand,2000,1350,2005,147,1100,,Sold,,,http://www.redfin.com/CA/Manhattan-Beach/3108-Vista-Dr-90266/home/6710363,CRMLS,SB17115398,N,Y,33.8978641,-118.4149122
PAST SALE,November-14-2017,Single Family Residential,206 W Oak Ave,El Segundo,CA,90245,1250000,3,1.5,141 - El Segundo,1412,6715,1947,100,885,,Sold,,,http://www.redfin.com/CA/El-Segundo/206-W-Oak-Ave-90245/home/6643786,CRMLS,SB17225433,N,Y,33.9258414,-118.4172184
PAST SALE,September-19-2017,Single Family Residential,3400 N Poinsettia Ave,Manhattan Beach,CA,90266,2945000,5,4.75,143 - Manhattan Bch Tree,3245,4643,2017,156,908,,Sold,,,http://www.redfin.com/CA/Manhattan-Beach/3400-N-Poinsettia-Ave-90266/home/6708093,CRMLS,SB17056314,N,Y,33.8995548,-118.4005538
PAST SALE,,Single Family Residential,3516 Palm Ave,Manhattan Beach,CA,90266,2242500,5,5.0,,3310,4640,2000,,677,,,,,http://www.redfin.com/CA/Manhattan-Beach/3516-Palm-Ave-90266/home/6707879,,,N,Y,33.9005949,-118.4014465
PAST SALE,October-4-2017,Single Family Residential,665 33rd St,Manhattan Beach,CA,90266,2018194,3,3.0,Manhattan Beach Tree,2188,5390,1956,141,922,,Sold,,,http://www.redfin.com/CA/Manhattan-Beach/665-33rd-St-90266/home/6708859,TheMLS,17-255812,N,Y,33.8993207,-118.4074405
PAST SALE,October-31-2017,Single Family Residential,1435 E Maple Ave,El Segundo,CA,90245,1869000,4,4.25,141 - El Segundo,2528,7539,1953,114,739,,Sold,,,http://www.redfin.com/CA/El-Segundo/1435-E-Maple-Ave-90245/home/6660693,CRMLS,SB17100757,N,Y,33.9272166,-118.4006228
PAST SALE,November-15-2017,Single Family Residential,232 20th St,Manhattan Beach,CA,90266,4275000,5,5.0,142 - Manhattan Bch Sand,4545,2703,2001,99,941,,Sold,,,http://www.redfin.com/CA/Manhattan-Beach/232-20th-St-90266/home/6711237,CRMLS,SB17236772,N,Y,33.8903482,-118.4129328
PAST SALE,December-7-2017,Single Family Residential,316 27th St,Manhattan Beach,CA,90266,6500000,4,4.75,142 - Manhattan Bch Sand,4183,2705,2017,77,1554,,Sold,,,http://www.redfin.com/CA/Manhattan-Beach/316-27th-St-90266/home/6710869,CRMLS,SB17201886,N,Y,33.8949354,-118.4145779
PAST SALE,December-12-2017,Single Family Residential,1506 E Maple Ave,El Segundo,CA,90245,1363000,3,3.0,141 - El Segundo,1548,9335,1953,72,880,,Sold,,,http://www.redfin.com/CA/El-Segundo/1506-E-Maple-Ave-90245/home/6661107,CRMLS,SB17248520,N,Y,33.9267963,-118.3995986
PAST SALE,December-15-2017,Single Family Residential,2722 N Ardmore Ave N,Manhattan Beach,CA,90266,1850000,3,2.0,143 - Manhattan Bch Tree,1495,5010,1936,69,1237,,Sold,,,http://www.redfin.com/CA/Manhattan-Beach/2722-N-Ardmore-Ave-90266/home/6708554,CRMLS,SB17271886,N,Y,33.8963137,-118.399723
PAST SALE,December-13-2017,Single Family Residential,627 Loma Vista St,El Segundo,CA,90245,1750000,4,3.5,141 - El Segundo,2450,3723,2005,71,714,,Sold,,,http://www.redfin.com/CA/El-Segundo/627-Loma-Vista-St-90245/home/6641971,CRMLS,SB17216374,N,Y,33.9245134,-118.4224923
PAST SALE,December-20-2017,Single Family Residential,205 Rosecrans Pl,Manhattan Beach,CA,90266,1386000,2,1.75,142 - Manhattan Bch Sand,706,1346,1941,64,1963,,Sold,,,http://www.redfin.com/CA/Manhattan-Beach/205-37th-Pl-90266/home/6656821,CRMLS,SB17207043,N,Y,33.901134,-118.418799
PAST SALE,January-9-2018,Single Family Residential,746 31st St,Manhattan Beach,CA,90266,3030000,4,3.0,143 - Manhattan Bch Tree,3526,4798,1991,44,859,,Sold,,,http://www.redfin.com/CA/Manhattan-Beach/746-31st-St-90266/home/6709101,CRMLS,SB17207664,N,Y,33.8980066,-118.4055846
PAST SALE,January-25-2018,Single Family Residential,707 Bungalow Dr,El Segundo,CA,90245,2300000,5,4.5,141 - El Segundo,4000,6590,2010,28,575,,Sold,,,http://www.redfin.com/CA/El-Segundo/707-Bungalow-Dr-90245/home/6648029,CRMLS,SB17270960,N,Y,33.9253443,-118.4060762
PAST SALE,January-26-2018,Single Family Residential,633 California St,El Segundo,CA,90245,1420000,4,2.0,141 - El Segundo,1889,7060,1965,27,752,,Sold,,,http://www.redfin.com/CA/El-Segundo/633-California-St-90245/home/6661540,CRMLS,SB17273509,N,Y,33.9245325,-118.4023385
PAST SALE,January-25-2018,Single Family Residential,420 31st St,Manhattan Beach,CA,90266,4637500,5,4.75,142 - Manhattan Bch Sand,4302,2699,2017,28,1078,,Sold,,,http://www.redfin.com/CA/Manhattan-Beach/420-31st-St-90266/home/6710338,CRMLS,SB17218020,N,Y,33.8975553,-118.4146468
PAST SALE,December-22-2017,Single Family Residential,320 32nd St,Manhattan Beach,CA,90266,3780000,5,4.0,142 - Manhattan Bch Sand,4289,2702,2000,62,881,,Sold,,,http://www.redfin.com/CA/Manhattan-Beach/320-32nd-St-90266/home/6710371,CRMLS,SB17078254,N,Y,33.8978127,-118.415783
PAST SALE,February-2-2018,Single Family Residential,940 Rosecrans Ave,Manhattan Beach,CA,90266,2069000,5,3.5,143 - Manhattan Bch Tree,3209,5975,1958,20,645,,Sold,,,http://www.redfin.com/CA/Manhattan-Beach/940-Rosecrans-Ave-90266/home/6707940,CRMLS,SB17266335,N,Y,33.9016485,-118.3994158
PAST SALE,August-30-2017,Single Family Residential,5542 W 122nd St,Hawthorne,CA,90250,785000,4,1.75,107 - Holly Glen/Del Aire,1322,5072,1950,176,594,,Sold,,,http://www.redfin.com/CA/Hawthorne/5542-W-122nd-St-90250/home/6667636,CRMLS,PF17176840,N,Y,33.9221217,-118.3777184
PAST SALE,September-29-2017,Single Family Residential,4748 W 133rd St,Hawthorne,CA,90250,795000,3,2.0,109 - Ramona/Burleigh,1785,6001,1947,146,445,,Sold,,,http://www.redfin.com/CA/Hawthorne/4748-W-133rd-St-90250/home/6490088,CRMLS,PV17191587,N,Y,33.9115076,-118.360097
